Tick;Step;Rule;speed;0_Position;1_Position;ID
0;0;;1;230;5;a86667f6-76a5-440d-811a-9885aa6702b0
0;0;;1;237;5;452f497d-cfb1-4464-b332-d24c335eec12
0;0;;1;17;5;08d4140d-4c1a-4441-b31e-ffe7fc7a6483
1;1;;1;230;6;a86667f6-76a5-440d-811a-9885aa6702b0
1;1;;1;237;6;452f497d-cfb1-4464-b332-d24c335eec12
1;1;;1;17;6;08d4140d-4c1a-4441-b31e-ffe7fc7a6483
2;2;;1;230;7;a86667f6-76a5-440d-811a-9885aa6702b0
2;2;;1;237;7;452f497d-cfb1-4464-b332-d24c335eec12
2;2;;1;17;7;08d4140d-4c1a-4441-b31e-ffe7fc7a6483
3;3;;1;230;8;a86667f6-76a5-440d-811a-9885aa6702b0
3;3;;1;237;8;452f497d-cfb1-4464-b332-d24c335eec12
3;3;;1;17;8;08d4140d-4c1a-4441-b31e-ffe7fc7a6483
4;4;;1;230;9;a86667f6-76a5-440d-811a-9885aa6702b0
4;4;;1;237;9;452f497d-cfb1-4464-b332-d24c335eec12
4;4;;1;17;9;08d4140d-4c1a-4441-b31e-ffe7fc7a6483
5;5;;1;230;10;a86667f6-76a5-440d-811a-9885aa6702b0
5;5;;1;237;10;452f497d-cfb1-4464-b332-d24c335eec12
5;5;;1;17;10;08d4140d-4c1a-4441-b31e-ffe7fc7a6483
6;6;;1;230;11;a86667f6-76a5-440d-811a-9885aa6702b0
6;6;;1;237;11;452f497d-cfb1-4464-b332-d24c335eec12
6;6;;1;17;11;08d4140d-4c1a-4441-b31e-ffe7fc7a6483
7;7;;1;230;12;a86667f6-76a5-440d-811a-9885aa6702b0
7;7;;1;237;12;452f497d-cfb1-4464-b332-d24c335eec12
7;7;;1;17;12;08d4140d-4c1a-4441-b31e-ffe7fc7a6483
8;8;;1;230;13;a86667f6-76a5-440d-811a-9885aa6702b0
8;8;;1;237;13;452f497d-cfb1-4464-b332-d24c335eec12
8;8;;1;17;13;08d4140d-4c1a-4441-b31e-ffe7fc7a6483
9;9;;1;230;14;a86667f6-76a5-440d-811a-9885aa6702b0
9;9;;1;237;14;452f497d-cfb1-4464-b332-d24c335eec12
9;9;;1;17;14;08d4140d-4c1a-4441-b31e-ffe7fc7a6483
10;10;;1;230;15;a86667f6-76a5-440d-811a-9885aa6702b0
10;10;;1;237;15;452f497d-cfb1-4464-b332-d24c335eec12
10;10;;1;17;15;08d4140d-4c1a-4441-b31e-ffe7fc7a6483
11;11;;1;230;16;a86667f6-76a5-440d-811a-9885aa6702b0
11;11;;1;237;16;452f497d-cfb1-4464-b332-d24c335eec12
11;11;;1;17;16;08d4140d-4c1a-4441-b31e-ffe7fc7a6483
12;12;;1;230;17;a86667f6-76a5-440d-811a-9885aa6702b0
12;12;;1;237;17;452f497d-cfb1-4464-b332-d24c335eec12
12;12;;1;17;17;08d4140d-4c1a-4441-b31e-ffe7fc7a6483
13;13;;1;230;18;a86667f6-76a5-440d-811a-9885aa6702b0
13;13;;1;237;18;452f497d-cfb1-4464-b332-d24c335eec12
13;13;;1;17;18;08d4140d-4c1a-4441-b31e-ffe7fc7a6483
14;14;;1;230;19;a86667f6-76a5-440d-811a-9885aa6702b0
14;14;;1;237;19;452f497d-cfb1-4464-b332-d24c335eec12
14;14;;1;17;19;08d4140d-4c1a-4441-b31e-ffe7fc7a6483
15;15;;1;230;20;a86667f6-76a5-440d-811a-9885aa6702b0
15;15;;1;237;20;452f497d-cfb1-4464-b332-d24c335eec12
15;15;;1;17;20;08d4140d-4c1a-4441-b31e-ffe7fc7a6483
16;16;;1;230;21;a86667f6-76a5-440d-811a-9885aa6702b0
16;16;;1;237;21;452f497d-cfb1-4464-b332-d24c335eec12
16;16;;1;17;21;08d4140d-4c1a-4441-b31e-ffe7fc7a6483
17;17;;1;230;22;a86667f6-76a5-440d-811a-9885aa6702b0
17;17;;1;237;22;452f497d-cfb1-4464-b332-d24c335eec12
17;17;;1;17;22;08d4140d-4c1a-4441-b31e-ffe7fc7a6483
18;18;;1;230;23;a86667f6-76a5-440d-811a-9885aa6702b0
18;18;;1;237;23;452f497d-cfb1-4464-b332-d24c335eec12
18;18;;1;17;23;08d4140d-4c1a-4441-b31e-ffe7fc7a6483
19;19;;1;230;24;a86667f6-76a5-440d-811a-9885aa6702b0
19;19;;1;237;24;452f497d-cfb1-4464-b332-d24c335eec12
20;20;;1;230;25;a86667f6-76a5-440d-811a-9885aa6702b0
20;20;;1;237;25;452f497d-cfb1-4464-b332-d24c335eec12
21;21;;1;230;26;a86667f6-76a5-440d-811a-9885aa6702b0
21;21;;1;237;26;452f497d-cfb1-4464-b332-d24c335eec12
22;22;;1;230;27;a86667f6-76a5-440d-811a-9885aa6702b0
22;22;;1;237;27;452f497d-cfb1-4464-b332-d24c335eec12
23;23;;1;230;28;a86667f6-76a5-440d-811a-9885aa6702b0
23;23;;1;237;28;452f497d-cfb1-4464-b332-d24c335eec12
24;24;;1;230;29;a86667f6-76a5-440d-811a-9885aa6702b0
24;24;;1;237;29;452f497d-cfb1-4464-b332-d24c335eec12
25;25;;1;230;30;a86667f6-76a5-440d-811a-9885aa6702b0
25;25;;1;237;30;452f497d-cfb1-4464-b332-d24c335eec12
26;26;;1;230;31;a86667f6-76a5-440d-811a-9885aa6702b0
26;26;;1;237;31;452f497d-cfb1-4464-b332-d24c335eec12
27;27;;1;230;32;a86667f6-76a5-440d-811a-9885aa6702b0
27;27;;1;237;32;452f497d-cfb1-4464-b332-d24c335eec12
28;28;;1;230;33;a86667f6-76a5-440d-811a-9885aa6702b0
28;28;;1;237;33;452f497d-cfb1-4464-b332-d24c335eec12
29;29;;1;230;34;a86667f6-76a5-440d-811a-9885aa6702b0
29;29;;1;237;34;452f497d-cfb1-4464-b332-d24c335eec12
30;30;;1;230;35;a86667f6-76a5-440d-811a-9885aa6702b0
30;30;;1;237;35;452f497d-cfb1-4464-b332-d24c335eec12
31;31;;1;230;36;a86667f6-76a5-440d-811a-9885aa6702b0
31;31;;1;237;36;452f497d-cfb1-4464-b332-d24c335eec12
32;32;;1;230;37;a86667f6-76a5-440d-811a-9885aa6702b0
32;32;;1;237;37;452f497d-cfb1-4464-b332-d24c335eec12
33;33;;1;230;38;a86667f6-76a5-440d-811a-9885aa6702b0
33;33;;1;237;38;452f497d-cfb1-4464-b332-d24c335eec12
34;34;;1;230;39;a86667f6-76a5-440d-811a-9885aa6702b0
34;34;;1;237;39;452f497d-cfb1-4464-b332-d24c335eec12
35;35;;1;230;40;a86667f6-76a5-440d-811a-9885aa6702b0
35;35;;1;237;40;452f497d-cfb1-4464-b332-d24c335eec12
36;36;;1;230;41;a86667f6-76a5-440d-811a-9885aa6702b0
36;36;;1;237;41;452f497d-cfb1-4464-b332-d24c335eec12
37;37;;1;230;42;a86667f6-76a5-440d-811a-9885aa6702b0
37;37;;1;237;42;452f497d-cfb1-4464-b332-d24c335eec12
38;38;;1;230;43;a86667f6-76a5-440d-811a-9885aa6702b0
38;38;;1;237;43;452f497d-cfb1-4464-b332-d24c335eec12
39;39;;1;230;44;a86667f6-76a5-440d-811a-9885aa6702b0
39;39;;1;237;44;452f497d-cfb1-4464-b332-d24c335eec12
40;40;;1;230;45;a86667f6-76a5-440d-811a-9885aa6702b0
40;40;;1;237;45;452f497d-cfb1-4464-b332-d24c335eec12
41;41;;1;230;46;a86667f6-76a5-440d-811a-9885aa6702b0
41;41;;1;237;46;452f497d-cfb1-4464-b332-d24c335eec12
42;42;;1;230;47;a86667f6-76a5-440d-811a-9885aa6702b0
42;42;;1;237;47;452f497d-cfb1-4464-b332-d24c335eec12
43;43;;1;230;48;a86667f6-76a5-440d-811a-9885aa6702b0
43;43;;1;237;48;452f497d-cfb1-4464-b332-d24c335eec12
44;44;;1;230;49;a86667f6-76a5-440d-811a-9885aa6702b0
44;44;;1;237;49;452f497d-cfb1-4464-b332-d24c335eec12
45;45;;1;230;50;a86667f6-76a5-440d-811a-9885aa6702b0
45;45;;1;237;50;452f497d-cfb1-4464-b332-d24c335eec12
46;46;;1;230;51;a86667f6-76a5-440d-811a-9885aa6702b0
46;46;;1;237;51;452f497d-cfb1-4464-b332-d24c335eec12
47;47;;1;230;52;a86667f6-76a5-440d-811a-9885aa6702b0
47;47;;1;237;52;452f497d-cfb1-4464-b332-d24c335eec12
48;48;;1;230;53;a86667f6-76a5-440d-811a-9885aa6702b0
48;48;;1;237;53;452f497d-cfb1-4464-b332-d24c335eec12
49;49;;1;230;54;a86667f6-76a5-440d-811a-9885aa6702b0
49;49;;1;237;54;452f497d-cfb1-4464-b332-d24c335eec12
50;50;;1;230;55;a86667f6-76a5-440d-811a-9885aa6702b0
50;50;;1;237;55;452f497d-cfb1-4464-b332-d24c335eec12
51;51;;1;230;56;a86667f6-76a5-440d-811a-9885aa6702b0
51;51;;1;237;56;452f497d-cfb1-4464-b332-d24c335eec12
52;52;;1;230;57;a86667f6-76a5-440d-811a-9885aa6702b0
52;52;;1;237;57;452f497d-cfb1-4464-b332-d24c335eec12
53;53;;1;230;58;a86667f6-76a5-440d-811a-9885aa6702b0
53;53;;1;237;58;452f497d-cfb1-4464-b332-d24c335eec12
54;54;;1;230;59;a86667f6-76a5-440d-811a-9885aa6702b0
54;54;;1;237;59;452f497d-cfb1-4464-b332-d24c335eec12
55;55;;1;230;60;a86667f6-76a5-440d-811a-9885aa6702b0
55;55;;1;237;60;452f497d-cfb1-4464-b332-d24c335eec12
56;56;;1;230;61;a86667f6-76a5-440d-811a-9885aa6702b0
56;56;;1;237;61;452f497d-cfb1-4464-b332-d24c335eec12
57;57;;1;230;62;a86667f6-76a5-440d-811a-9885aa6702b0
57;57;;1;237;62;452f497d-cfb1-4464-b332-d24c335eec12
58;58;;1;230;63;a86667f6-76a5-440d-811a-9885aa6702b0
58;58;;1;237;63;452f497d-cfb1-4464-b332-d24c335eec12
59;59;;1;230;64;a86667f6-76a5-440d-811a-9885aa6702b0
59;59;;1;237;64;452f497d-cfb1-4464-b332-d24c335eec12
60;60;;1;230;65;a86667f6-76a5-440d-811a-9885aa6702b0
60;60;;1;237;65;452f497d-cfb1-4464-b332-d24c335eec12
61;61;;1;230;66;a86667f6-76a5-440d-811a-9885aa6702b0
61;61;;1;237;66;452f497d-cfb1-4464-b332-d24c335eec12
62;62;;1;230;67;a86667f6-76a5-440d-811a-9885aa6702b0
62;62;;1;237;67;452f497d-cfb1-4464-b332-d24c335eec12
63;63;;1;230;68;a86667f6-76a5-440d-811a-9885aa6702b0
63;63;;1;237;68;452f497d-cfb1-4464-b332-d24c335eec12
64;64;;1;230;69;a86667f6-76a5-440d-811a-9885aa6702b0
64;64;;1;237;69;452f497d-cfb1-4464-b332-d24c335eec12
65;65;;1;230;70;a86667f6-76a5-440d-811a-9885aa6702b0
65;65;;1;237;70;452f497d-cfb1-4464-b332-d24c335eec12
66;66;;1;230;71;a86667f6-76a5-440d-811a-9885aa6702b0
66;66;;1;237;71;452f497d-cfb1-4464-b332-d24c335eec12
67;67;;1;230;72;a86667f6-76a5-440d-811a-9885aa6702b0
67;67;;1;237;72;452f497d-cfb1-4464-b332-d24c335eec12
68;68;;1;230;73;a86667f6-76a5-440d-811a-9885aa6702b0
68;68;;1;237;73;452f497d-cfb1-4464-b332-d24c335eec12
69;69;;1;230;74;a86667f6-76a5-440d-811a-9885aa6702b0
69;69;;1;237;74;452f497d-cfb1-4464-b332-d24c335eec12
70;70;;1;230;75;a86667f6-76a5-440d-811a-9885aa6702b0
70;70;;1;237;75;452f497d-cfb1-4464-b332-d24c335eec12
71;71;;1;230;76;a86667f6-76a5-440d-811a-9885aa6702b0
71;71;;1;237;76;452f497d-cfb1-4464-b332-d24c335eec12
72;72;;1;230;77;a86667f6-76a5-440d-811a-9885aa6702b0
72;72;;1;237;77;452f497d-cfb1-4464-b332-d24c335eec12
73;73;;1;230;78;a86667f6-76a5-440d-811a-9885aa6702b0
73;73;;1;237;78;452f497d-cfb1-4464-b332-d24c335eec12
74;74;;1;230;79;a86667f6-76a5-440d-811a-9885aa6702b0
74;74;;1;237;79;452f497d-cfb1-4464-b332-d24c335eec12
75;75;;1;230;80;a86667f6-76a5-440d-811a-9885aa6702b0
75;75;;1;237;80;452f497d-cfb1-4464-b332-d24c335eec12
76;76;;1;230;81;a86667f6-76a5-440d-811a-9885aa6702b0
76;76;;1;237;81;452f497d-cfb1-4464-b332-d24c335eec12
77;77;;1;230;82;a86667f6-76a5-440d-811a-9885aa6702b0
77;77;;1;237;82;452f497d-cfb1-4464-b332-d24c335eec12
78;78;;1;230;83;a86667f6-76a5-440d-811a-9885aa6702b0
78;78;;1;237;83;452f497d-cfb1-4464-b332-d24c335eec12
79;79;;1;230;84;a86667f6-76a5-440d-811a-9885aa6702b0
79;79;;1;237;84;452f497d-cfb1-4464-b332-d24c335eec12
80;80;;1;230;85;a86667f6-76a5-440d-811a-9885aa6702b0
80;80;;1;237;85;452f497d-cfb1-4464-b332-d24c335eec12
81;81;;1;230;86;a86667f6-76a5-440d-811a-9885aa6702b0
81;81;;1;237;86;452f497d-cfb1-4464-b332-d24c335eec12
82;82;;1;230;87;a86667f6-76a5-440d-811a-9885aa6702b0
82;82;;1;237;87;452f497d-cfb1-4464-b332-d24c335eec12
83;83;;1;230;88;a86667f6-76a5-440d-811a-9885aa6702b0
83;83;;1;237;88;452f497d-cfb1-4464-b332-d24c335eec12
84;84;;1;230;89;a86667f6-76a5-440d-811a-9885aa6702b0
84;84;;1;237;89;452f497d-cfb1-4464-b332-d24c335eec12
85;85;;1;230;90;a86667f6-76a5-440d-811a-9885aa6702b0
85;85;;1;237;90;452f497d-cfb1-4464-b332-d24c335eec12
86;86;;1;230;91;a86667f6-76a5-440d-811a-9885aa6702b0
86;86;;1;237;91;452f497d-cfb1-4464-b332-d24c335eec12
87;87;;1;230;92;a86667f6-76a5-440d-811a-9885aa6702b0
87;87;;1;237;92;452f497d-cfb1-4464-b332-d24c335eec12
88;88;;1;230;93;a86667f6-76a5-440d-811a-9885aa6702b0
88;88;;1;237;93;452f497d-cfb1-4464-b332-d24c335eec12
89;89;;1;230;94;a86667f6-76a5-440d-811a-9885aa6702b0
89;89;;1;237;94;452f497d-cfb1-4464-b332-d24c335eec12
90;90;;1;230;95;a86667f6-76a5-440d-811a-9885aa6702b0
90;90;;1;237;95;452f497d-cfb1-4464-b332-d24c335eec12
91;91;;1;230;96;a86667f6-76a5-440d-811a-9885aa6702b0
91;91;;1;237;96;452f497d-cfb1-4464-b332-d24c335eec12
92;92;;1;230;97;a86667f6-76a5-440d-811a-9885aa6702b0
92;92;;1;237;97;452f497d-cfb1-4464-b332-d24c335eec12
93;93;;1;230;98;a86667f6-76a5-440d-811a-9885aa6702b0
93;93;;1;237;98;452f497d-cfb1-4464-b332-d24c335eec12
94;94;;1;230;99;a86667f6-76a5-440d-811a-9885aa6702b0
94;94;;1;237;99;452f497d-cfb1-4464-b332-d24c335eec12
95;95;;1;230;100;a86667f6-76a5-440d-811a-9885aa6702b0
95;95;;1;237;100;452f497d-cfb1-4464-b332-d24c335eec12
96;96;;1;230;101;a86667f6-76a5-440d-811a-9885aa6702b0
96;96;;1;237;101;452f497d-cfb1-4464-b332-d24c335eec12
97;97;;1;230;102;a86667f6-76a5-440d-811a-9885aa6702b0
97;97;;1;237;102;452f497d-cfb1-4464-b332-d24c335eec12
98;98;;1;230;103;a86667f6-76a5-440d-811a-9885aa6702b0
98;98;;1;237;103;452f497d-cfb1-4464-b332-d24c335eec12
99;99;;1;230;104;a86667f6-76a5-440d-811a-9885aa6702b0
99;99;;1;237;104;452f497d-cfb1-4464-b332-d24c335eec12
100;100;;1;230;105;a86667f6-76a5-440d-811a-9885aa6702b0
100;100;;1;237;105;452f497d-cfb1-4464-b332-d24c335eec12
101;101;;1;230;106;a86667f6-76a5-440d-811a-9885aa6702b0
101;101;;1;237;106;452f497d-cfb1-4464-b332-d24c335eec12
102;102;;1;230;107;a86667f6-76a5-440d-811a-9885aa6702b0
102;102;;1;237;107;452f497d-cfb1-4464-b332-d24c335eec12
103;103;;1;230;108;a86667f6-76a5-440d-811a-9885aa6702b0
103;103;;1;237;108;452f497d-cfb1-4464-b332-d24c335eec12
104;104;;1;230;109;a86667f6-76a5-440d-811a-9885aa6702b0
104;104;;1;237;109;452f497d-cfb1-4464-b332-d24c335eec12
105;105;;1;230;110;a86667f6-76a5-440d-811a-9885aa6702b0
105;105;;1;237;110;452f497d-cfb1-4464-b332-d24c335eec12
106;106;;1;230;111;a86667f6-76a5-440d-811a-9885aa6702b0
106;106;;1;237;111;452f497d-cfb1-4464-b332-d24c335eec12
107;107;;1;230;112;a86667f6-76a5-440d-811a-9885aa6702b0
107;107;;1;237;112;452f497d-cfb1-4464-b332-d24c335eec12
108;108;;1;230;113;a86667f6-76a5-440d-811a-9885aa6702b0
108;108;;1;237;113;452f497d-cfb1-4464-b332-d24c335eec12
109;109;;1;230;114;a86667f6-76a5-440d-811a-9885aa6702b0
109;109;;1;237;114;452f497d-cfb1-4464-b332-d24c335eec12
110;110;;1;230;115;a86667f6-76a5-440d-811a-9885aa6702b0
110;110;;1;237;115;452f497d-cfb1-4464-b332-d24c335eec12
111;111;;1;230;116;a86667f6-76a5-440d-811a-9885aa6702b0
111;111;;1;237;116;452f497d-cfb1-4464-b332-d24c335eec12
112;112;;1;230;117;a86667f6-76a5-440d-811a-9885aa6702b0
112;112;;1;237;117;452f497d-cfb1-4464-b332-d24c335eec12
113;113;;1;230;118;a86667f6-76a5-440d-811a-9885aa6702b0
113;113;;1;237;118;452f497d-cfb1-4464-b332-d24c335eec12
114;114;;1;230;119;a86667f6-76a5-440d-811a-9885aa6702b0
114;114;;1;237;119;452f497d-cfb1-4464-b332-d24c335eec12
115;115;;1;230;120;a86667f6-76a5-440d-811a-9885aa6702b0
115;115;;1;237;120;452f497d-cfb1-4464-b332-d24c335eec12
116;116;;1;230;121;a86667f6-76a5-440d-811a-9885aa6702b0
116;116;;1;237;121;452f497d-cfb1-4464-b332-d24c335eec12
117;117;;1;230;122;a86667f6-76a5-440d-811a-9885aa6702b0
117;117;;1;237;122;452f497d-cfb1-4464-b332-d24c335eec12
118;118;;1;230;123;a86667f6-76a5-440d-811a-9885aa6702b0
118;118;;1;237;123;452f497d-cfb1-4464-b332-d24c335eec12
119;119;;1;230;124;a86667f6-76a5-440d-811a-9885aa6702b0
119;119;;1;237;124;452f497d-cfb1-4464-b332-d24c335eec12
120;120;;1;230;125;a86667f6-76a5-440d-811a-9885aa6702b0
120;120;;1;237;125;452f497d-cfb1-4464-b332-d24c335eec12
121;121;;1;230;126;a86667f6-76a5-440d-811a-9885aa6702b0
121;121;;1;237;126;452f497d-cfb1-4464-b332-d24c335eec12
122;122;;1;230;127;a86667f6-76a5-440d-811a-9885aa6702b0
122;122;;1;237;127;452f497d-cfb1-4464-b332-d24c335eec12
123;123;;1;230;128;a86667f6-76a5-440d-811a-9885aa6702b0
123;123;;1;237;128;452f497d-cfb1-4464-b332-d24c335eec12
124;124;;1;230;129;a86667f6-76a5-440d-811a-9885aa6702b0
124;124;;1;237;129;452f497d-cfb1-4464-b332-d24c335eec12
125;125;;1;230;130;a86667f6-76a5-440d-811a-9885aa6702b0
125;125;;1;237;130;452f497d-cfb1-4464-b332-d24c335eec12
126;126;;1;230;131;a86667f6-76a5-440d-811a-9885aa6702b0
126;126;;1;237;131;452f497d-cfb1-4464-b332-d24c335eec12
127;127;;1;230;132;a86667f6-76a5-440d-811a-9885aa6702b0
127;127;;1;237;132;452f497d-cfb1-4464-b332-d24c335eec12
128;128;;1;230;133;a86667f6-76a5-440d-811a-9885aa6702b0
128;128;;1;237;133;452f497d-cfb1-4464-b332-d24c335eec12
129;129;;1;230;134;a86667f6-76a5-440d-811a-9885aa6702b0
129;129;;1;237;134;452f497d-cfb1-4464-b332-d24c335eec12
130;130;;1;230;135;a86667f6-76a5-440d-811a-9885aa6702b0
130;130;;1;237;135;452f497d-cfb1-4464-b332-d24c335eec12
131;131;;1;230;136;a86667f6-76a5-440d-811a-9885aa6702b0
131;131;;1;237;136;452f497d-cfb1-4464-b332-d24c335eec12
132;132;;1;230;137;a86667f6-76a5-440d-811a-9885aa6702b0
132;132;;1;237;137;452f497d-cfb1-4464-b332-d24c335eec12
133;133;;1;230;138;a86667f6-76a5-440d-811a-9885aa6702b0
133;133;;1;237;138;452f497d-cfb1-4464-b332-d24c335eec12
134;134;;1;230;139;a86667f6-76a5-440d-811a-9885aa6702b0
134;134;;1;237;139;452f497d-cfb1-4464-b332-d24c335eec12
135;135;;1;230;140;a86667f6-76a5-440d-811a-9885aa6702b0
135;135;;1;237;140;452f497d-cfb1-4464-b332-d24c335eec12
136;136;;1;230;141;a86667f6-76a5-440d-811a-9885aa6702b0
136;136;;1;237;141;452f497d-cfb1-4464-b332-d24c335eec12
137;137;;1;230;142;a86667f6-76a5-440d-811a-9885aa6702b0
137;137;;1;237;142;452f497d-cfb1-4464-b332-d24c335eec12
138;138;;1;230;143;a86667f6-76a5-440d-811a-9885aa6702b0
138;138;;1;237;143;452f497d-cfb1-4464-b332-d24c335eec12
139;139;;1;230;144;a86667f6-76a5-440d-811a-9885aa6702b0
139;139;;1;237;144;452f497d-cfb1-4464-b332-d24c335eec12
140;140;;1;230;145;a86667f6-76a5-440d-811a-9885aa6702b0
140;140;;1;237;145;452f497d-cfb1-4464-b332-d24c335eec12
141;141;;1;230;146;a86667f6-76a5-440d-811a-9885aa6702b0
141;141;;1;237;146;452f497d-cfb1-4464-b332-d24c335eec12
142;142;;1;230;147;a86667f6-76a5-440d-811a-9885aa6702b0
142;142;;1;237;147;452f497d-cfb1-4464-b332-d24c335eec12
143;143;;1;230;148;a86667f6-76a5-440d-811a-9885aa6702b0
143;143;;1;237;148;452f497d-cfb1-4464-b332-d24c335eec12
144;144;;1;230;149;a86667f6-76a5-440d-811a-9885aa6702b0
144;144;;1;237;149;452f497d-cfb1-4464-b332-d24c335eec12
145;145;;1;230;150;a86667f6-76a5-440d-811a-9885aa6702b0
145;145;;1;237;150;452f497d-cfb1-4464-b332-d24c335eec12
146;146;;1;230;151;a86667f6-76a5-440d-811a-9885aa6702b0
146;146;;1;237;151;452f497d-cfb1-4464-b332-d24c335eec12
147;147;;1;230;152;a86667f6-76a5-440d-811a-9885aa6702b0
147;147;;1;237;152;452f497d-cfb1-4464-b332-d24c335eec12
148;148;;1;230;153;a86667f6-76a5-440d-811a-9885aa6702b0
148;148;;1;237;153;452f497d-cfb1-4464-b332-d24c335eec12
149;149;;1;230;154;a86667f6-76a5-440d-811a-9885aa6702b0
149;149;;1;237;154;452f497d-cfb1-4464-b332-d24c335eec12
150;150;;1;230;155;a86667f6-76a5-440d-811a-9885aa6702b0
150;150;;1;237;155;452f497d-cfb1-4464-b332-d24c335eec12
151;151;;1;230;156;a86667f6-76a5-440d-811a-9885aa6702b0
151;151;;1;237;156;452f497d-cfb1-4464-b332-d24c335eec12
152;152;;1;230;157;a86667f6-76a5-440d-811a-9885aa6702b0
152;152;;1;237;157;452f497d-cfb1-4464-b332-d24c335eec12
153;153;;1;230;158;a86667f6-76a5-440d-811a-9885aa6702b0
153;153;;1;237;158;452f497d-cfb1-4464-b332-d24c335eec12
154;154;;1;230;159;a86667f6-76a5-440d-811a-9885aa6702b0
154;154;;1;237;159;452f497d-cfb1-4464-b332-d24c335eec12
155;155;;1;230;160;a86667f6-76a5-440d-811a-9885aa6702b0
155;155;;1;237;160;452f497d-cfb1-4464-b332-d24c335eec12
156;156;;1;230;161;a86667f6-76a5-440d-811a-9885aa6702b0
156;156;;1;237;161;452f497d-cfb1-4464-b332-d24c335eec12
157;157;;1;230;162;a86667f6-76a5-440d-811a-9885aa6702b0
157;157;;1;237;162;452f497d-cfb1-4464-b332-d24c335eec12
158;158;;1;230;163;a86667f6-76a5-440d-811a-9885aa6702b0
158;158;;1;237;163;452f497d-cfb1-4464-b332-d24c335eec12
159;159;;1;230;164;a86667f6-76a5-440d-811a-9885aa6702b0
159;159;;1;237;164;452f497d-cfb1-4464-b332-d24c335eec12
160;160;;1;230;165;a86667f6-76a5-440d-811a-9885aa6702b0
160;160;;1;237;165;452f497d-cfb1-4464-b332-d24c335eec12
161;161;;1;230;166;a86667f6-76a5-440d-811a-9885aa6702b0
161;161;;1;237;166;452f497d-cfb1-4464-b332-d24c335eec12
162;162;;1;230;167;a86667f6-76a5-440d-811a-9885aa6702b0
162;162;;1;237;167;452f497d-cfb1-4464-b332-d24c335eec12
163;163;;1;230;168;a86667f6-76a5-440d-811a-9885aa6702b0
163;163;;1;237;168;452f497d-cfb1-4464-b332-d24c335eec12
164;164;;1;230;169;a86667f6-76a5-440d-811a-9885aa6702b0
164;164;;1;237;169;452f497d-cfb1-4464-b332-d24c335eec12
165;165;;1;230;170;a86667f6-76a5-440d-811a-9885aa6702b0
165;165;;1;237;170;452f497d-cfb1-4464-b332-d24c335eec12
166;166;;1;230;171;a86667f6-76a5-440d-811a-9885aa6702b0
166;166;;1;237;171;452f497d-cfb1-4464-b332-d24c335eec12
167;167;;1;230;172;a86667f6-76a5-440d-811a-9885aa6702b0
167;167;;1;237;172;452f497d-cfb1-4464-b332-d24c335eec12
168;168;;1;230;173;a86667f6-76a5-440d-811a-9885aa6702b0
168;168;;1;237;173;452f497d-cfb1-4464-b332-d24c335eec12
169;169;;1;230;174;a86667f6-76a5-440d-811a-9885aa6702b0
169;169;;1;237;174;452f497d-cfb1-4464-b332-d24c335eec12
170;170;;1;230;175;a86667f6-76a5-440d-811a-9885aa6702b0
170;170;;1;237;175;452f497d-cfb1-4464-b332-d24c335eec12
171;171;;1;230;176;a86667f6-76a5-440d-811a-9885aa6702b0
171;171;;1;237;176;452f497d-cfb1-4464-b332-d24c335eec12
172;172;;1;230;177;a86667f6-76a5-440d-811a-9885aa6702b0
172;172;;1;237;177;452f497d-cfb1-4464-b332-d24c335eec12
173;173;;1;230;178;a86667f6-76a5-440d-811a-9885aa6702b0
173;173;;1;237;178;452f497d-cfb1-4464-b332-d24c335eec12
174;174;;1;230;179;a86667f6-76a5-440d-811a-9885aa6702b0
174;174;;1;237;179;452f497d-cfb1-4464-b332-d24c335eec12
175;175;;1;230;180;a86667f6-76a5-440d-811a-9885aa6702b0
175;175;;1;237;180;452f497d-cfb1-4464-b332-d24c335eec12
176;176;;1;230;181;a86667f6-76a5-440d-811a-9885aa6702b0
176;176;;1;237;181;452f497d-cfb1-4464-b332-d24c335eec12
177;177;;1;230;182;a86667f6-76a5-440d-811a-9885aa6702b0
177;177;;1;237;182;452f497d-cfb1-4464-b332-d24c335eec12
178;178;;1;230;183;a86667f6-76a5-440d-811a-9885aa6702b0
178;178;;1;237;183;452f497d-cfb1-4464-b332-d24c335eec12
179;179;;1;230;184;a86667f6-76a5-440d-811a-9885aa6702b0
179;179;;1;237;184;452f497d-cfb1-4464-b332-d24c335eec12
180;180;;1;230;185;a86667f6-76a5-440d-811a-9885aa6702b0
180;180;;1;237;185;452f497d-cfb1-4464-b332-d24c335eec12
181;181;;1;230;186;a86667f6-76a5-440d-811a-9885aa6702b0
181;181;;1;237;186;452f497d-cfb1-4464-b332-d24c335eec12
182;182;;1;230;187;a86667f6-76a5-440d-811a-9885aa6702b0
182;182;;1;237;187;452f497d-cfb1-4464-b332-d24c335eec12
183;183;;1;230;188;a86667f6-76a5-440d-811a-9885aa6702b0
183;183;;1;237;188;452f497d-cfb1-4464-b332-d24c335eec12
184;184;;1;230;189;a86667f6-76a5-440d-811a-9885aa6702b0
184;184;;1;237;189;452f497d-cfb1-4464-b332-d24c335eec12
185;185;;1;230;190;a86667f6-76a5-440d-811a-9885aa6702b0
185;185;;1;237;190;452f497d-cfb1-4464-b332-d24c335eec12
186;186;;1;230;191;a86667f6-76a5-440d-811a-9885aa6702b0
186;186;;1;237;191;452f497d-cfb1-4464-b332-d24c335eec12
187;187;;1;230;192;a86667f6-76a5-440d-811a-9885aa6702b0
187;187;;1;237;192;452f497d-cfb1-4464-b332-d24c335eec12
188;188;;1;230;193;a86667f6-76a5-440d-811a-9885aa6702b0
188;188;;1;237;193;452f497d-cfb1-4464-b332-d24c335eec12
189;189;;1;230;194;a86667f6-76a5-440d-811a-9885aa6702b0
189;189;;1;237;194;452f497d-cfb1-4464-b332-d24c335eec12
190;190;;1;230;195;a86667f6-76a5-440d-811a-9885aa6702b0
190;190;;1;237;195;452f497d-cfb1-4464-b332-d24c335eec12
191;191;;1;230;196;a86667f6-76a5-440d-811a-9885aa6702b0
191;191;;1;237;196;452f497d-cfb1-4464-b332-d24c335eec12
192;192;;1;230;197;a86667f6-76a5-440d-811a-9885aa6702b0
192;192;;1;237;197;452f497d-cfb1-4464-b332-d24c335eec12
193;193;;1;230;198;a86667f6-76a5-440d-811a-9885aa6702b0
193;193;;1;237;198;452f497d-cfb1-4464-b332-d24c335eec12
194;194;;1;230;199;a86667f6-76a5-440d-811a-9885aa6702b0
194;194;;1;237;199;452f497d-cfb1-4464-b332-d24c335eec12
195;195;;1;230;200;a86667f6-76a5-440d-811a-9885aa6702b0
195;195;;1;237;200;452f497d-cfb1-4464-b332-d24c335eec12
196;196;;1;230;201;a86667f6-76a5-440d-811a-9885aa6702b0
196;196;;1;237;201;452f497d-cfb1-4464-b332-d24c335eec12
197;197;;1;230;202;a86667f6-76a5-440d-811a-9885aa6702b0
197;197;;1;237;202;452f497d-cfb1-4464-b332-d24c335eec12
198;198;;1;230;203;a86667f6-76a5-440d-811a-9885aa6702b0
198;198;;1;237;203;452f497d-cfb1-4464-b332-d24c335eec12
199;199;;1;230;204;a86667f6-76a5-440d-811a-9885aa6702b0
199;199;;1;237;204;452f497d-cfb1-4464-b332-d24c335eec12
200;200;;1;230;205;a86667f6-76a5-440d-811a-9885aa6702b0
200;200;;1;237;205;452f497d-cfb1-4464-b332-d24c335eec12
201;201;;1;230;206;a86667f6-76a5-440d-811a-9885aa6702b0
201;201;;1;237;206;452f497d-cfb1-4464-b332-d24c335eec12
202;202;;1;230;207;a86667f6-76a5-440d-811a-9885aa6702b0
202;202;;1;237;207;452f497d-cfb1-4464-b332-d24c335eec12
203;203;;1;230;208;a86667f6-76a5-440d-811a-9885aa6702b0
203;203;;1;237;208;452f497d-cfb1-4464-b332-d24c335eec12
204;204;;1;230;209;a86667f6-76a5-440d-811a-9885aa6702b0
204;204;;1;237;209;452f497d-cfb1-4464-b332-d24c335eec12
205;205;;1;230;210;a86667f6-76a5-440d-811a-9885aa6702b0
205;205;;1;237;210;452f497d-cfb1-4464-b332-d24c335eec12
206;206;;1;230;211;a86667f6-76a5-440d-811a-9885aa6702b0
206;206;;1;237;211;452f497d-cfb1-4464-b332-d24c335eec12
207;207;;1;230;212;a86667f6-76a5-440d-811a-9885aa6702b0
207;207;;1;237;212;452f497d-cfb1-4464-b332-d24c335eec12
208;208;;1;230;213;a86667f6-76a5-440d-811a-9885aa6702b0
208;208;;1;237;213;452f497d-cfb1-4464-b332-d24c335eec12
209;209;;1;230;214;a86667f6-76a5-440d-811a-9885aa6702b0
209;209;;1;237;214;452f497d-cfb1-4464-b332-d24c335eec12
210;210;;1;230;215;a86667f6-76a5-440d-811a-9885aa6702b0
210;210;;1;237;215;452f497d-cfb1-4464-b332-d24c335eec12
211;211;;1;230;216;a86667f6-76a5-440d-811a-9885aa6702b0
211;211;;1;237;216;452f497d-cfb1-4464-b332-d24c335eec12
212;212;;1;230;217;a86667f6-76a5-440d-811a-9885aa6702b0
212;212;;1;237;217;452f497d-cfb1-4464-b332-d24c335eec12
213;213;;1;230;218;a86667f6-76a5-440d-811a-9885aa6702b0
213;213;;1;237;218;452f497d-cfb1-4464-b332-d24c335eec12
214;214;;1;230;219;a86667f6-76a5-440d-811a-9885aa6702b0
214;214;;1;237;219;452f497d-cfb1-4464-b332-d24c335eec12
215;215;;1;230;220;a86667f6-76a5-440d-811a-9885aa6702b0
215;215;;1;237;220;452f497d-cfb1-4464-b332-d24c335eec12
216;216;;1;230;221;a86667f6-76a5-440d-811a-9885aa6702b0
216;216;;1;237;221;452f497d-cfb1-4464-b332-d24c335eec12
217;217;;1;230;222;a86667f6-76a5-440d-811a-9885aa6702b0
217;217;;1;237;222;452f497d-cfb1-4464-b332-d24c335eec12
218;218;;1;230;223;a86667f6-76a5-440d-811a-9885aa6702b0
218;218;;1;237;223;452f497d-cfb1-4464-b332-d24c335eec12
219;219;;1;230;224;a86667f6-76a5-440d-811a-9885aa6702b0
219;219;;1;237;224;452f497d-cfb1-4464-b332-d24c335eec12
220;220;;1;230;225;a86667f6-76a5-440d-811a-9885aa6702b0
220;220;;1;237;225;452f497d-cfb1-4464-b332-d24c335eec12
221;221;;1;230;226;a86667f6-76a5-440d-811a-9885aa6702b0
221;221;;1;237;226;452f497d-cfb1-4464-b332-d24c335eec12
222;222;;1;230;227;a86667f6-76a5-440d-811a-9885aa6702b0
222;222;;1;237;227;452f497d-cfb1-4464-b332-d24c335eec12
223;223;;1;230;228;a86667f6-76a5-440d-811a-9885aa6702b0
223;223;;1;237;228;452f497d-cfb1-4464-b332-d24c335eec12
224;224;;1;230;229;a86667f6-76a5-440d-811a-9885aa6702b0
224;224;;1;237;229;452f497d-cfb1-4464-b332-d24c335eec12
225;225;;1;230;230;a86667f6-76a5-440d-811a-9885aa6702b0
225;225;;1;237;230;452f497d-cfb1-4464-b332-d24c335eec12
226;226;;1;230;231;a86667f6-76a5-440d-811a-9885aa6702b0
226;226;;1;237;231;452f497d-cfb1-4464-b332-d24c335eec12
227;227;;1;230;232;a86667f6-76a5-440d-811a-9885aa6702b0
227;227;;1;237;232;452f497d-cfb1-4464-b332-d24c335eec12
228;228;;1;230;233;a86667f6-76a5-440d-811a-9885aa6702b0
228;228;;1;237;233;452f497d-cfb1-4464-b332-d24c335eec12
229;229;;1;230;234;a86667f6-76a5-440d-811a-9885aa6702b0
229;229;;1;237;234;452f497d-cfb1-4464-b332-d24c335eec12
230;230;;1;230;235;a86667f6-76a5-440d-811a-9885aa6702b0
230;230;;1;237;235;452f497d-cfb1-4464-b332-d24c335eec12
231;231;;1;230;236;a86667f6-76a5-440d-811a-9885aa6702b0
231;231;;1;237;236;452f497d-cfb1-4464-b332-d24c335eec12
232;232;;1;230;237;a86667f6-76a5-440d-811a-9885aa6702b0
232;232;;1;237;237;452f497d-cfb1-4464-b332-d24c335eec12
233;233;;1;230;238;a86667f6-76a5-440d-811a-9885aa6702b0
233;233;;1;237;238;452f497d-cfb1-4464-b332-d24c335eec12
234;234;;1;230;239;a86667f6-76a5-440d-811a-9885aa6702b0
234;234;;1;237;239;452f497d-cfb1-4464-b332-d24c335eec12
235;235;;1;230;240;a86667f6-76a5-440d-811a-9885aa6702b0
235;235;;1;237;240;452f497d-cfb1-4464-b332-d24c335eec12
236;236;;1;230;241;a86667f6-76a5-440d-811a-9885aa6702b0
236;236;;1;237;241;452f497d-cfb1-4464-b332-d24c335eec12
237;237;;1;230;242;a86667f6-76a5-440d-811a-9885aa6702b0
237;237;;1;237;242;452f497d-cfb1-4464-b332-d24c335eec12
238;238;;1;230;243;a86667f6-76a5-440d-811a-9885aa6702b0
238;238;;1;237;243;452f497d-cfb1-4464-b332-d24c335eec12
239;239;;1;230;244;a86667f6-76a5-440d-811a-9885aa6702b0
239;239;;1;237;244;452f497d-cfb1-4464-b332-d24c335eec12
240;240;;1;230;245;a86667f6-76a5-440d-811a-9885aa6702b0
240;240;;1;237;245;452f497d-cfb1-4464-b332-d24c335eec12
241;241;;1;230;246;a86667f6-76a5-440d-811a-9885aa6702b0
241;241;;1;237;246;452f497d-cfb1-4464-b332-d24c335eec12
242;242;;1;230;247;a86667f6-76a5-440d-811a-9885aa6702b0
242;242;;1;237;247;452f497d-cfb1-4464-b332-d24c335eec12
243;243;;1;230;248;a86667f6-76a5-440d-811a-9885aa6702b0
243;243;;1;237;248;452f497d-cfb1-4464-b332-d24c335eec12
244;244;;1;230;249;a86667f6-76a5-440d-811a-9885aa6702b0
244;244;;1;237;249;452f497d-cfb1-4464-b332-d24c335eec12
245;245;;1;230;250;a86667f6-76a5-440d-811a-9885aa6702b0
245;245;;1;237;250;452f497d-cfb1-4464-b332-d24c335eec12
246;246;;1;230;251;a86667f6-76a5-440d-811a-9885aa6702b0
246;246;;1;237;251;452f497d-cfb1-4464-b332-d24c335eec12
247;247;;1;230;252;a86667f6-76a5-440d-811a-9885aa6702b0
247;247;;1;237;252;452f497d-cfb1-4464-b332-d24c335eec12
248;248;;1;230;253;a86667f6-76a5-440d-811a-9885aa6702b0
248;248;;1;237;253;452f497d-cfb1-4464-b332-d24c335eec12
249;249;;1;230;254;a86667f6-76a5-440d-811a-9885aa6702b0
249;249;;1;237;254;452f497d-cfb1-4464-b332-d24c335eec12
250;250;;1;230;255;a86667f6-76a5-440d-811a-9885aa6702b0
250;250;;1;237;255;452f497d-cfb1-4464-b332-d24c335eec12
